{
  "5": {
    "B0016": {
      "PSNR": 23.0588,
      "MS-SSIM": 0.802884,
      "LPIPS": 0.642801
    },
    "B0032": {
      "PSNR": 22.9231,
      "MS-SSIM": 0.78997,
      "LPIPS": 0.650657
    },
    "B0064": {
      "PSNR": 22.7623,
      "MS-SSIM": 0.767518,
      "LPIPS": 0.665663
    },
    "B0128": {
      "PSNR": 22.6085,
      "MS-SSIM": 0.743213,
      "LPIPS": 0.68185
    },
    "B0256": {
      "PSNR": 22.476,
      "MS-SSIM": 0.721681,
      "LPIPS": 0.691957
    },
    "B0512": {
      "PSNR": 22.2363,
      "MS-SSIM": 0.70436,
      "LPIPS": 0.700367
    },
    "B1024": {
      "PSNR": 21.9058,
      "MS-SSIM": 0.684177,
      "LPIPS": 0.710037
    }
  },
  "10": {
    "B0016": {
      "PSNR": 24.0579,
      "MS-SSIM": 0.756348,
      "LPIPS": 0.632941
    },
    "B0032": {
      "PSNR": 23.9026,
      "MS-SSIM": 0.745183,
      "LPIPS": 0.632189
    },
    "B0064": {
      "PSNR": 23.6224,
      "MS-SSIM": 0.722812,
      "LPIPS": 0.63759
    },
    "B0128": {
      "PSNR": 23.2762,
      "MS-SSIM": 0.69787,
      "LPIPS": 0.645434
    },
    "B0256": {
      "PSNR": 22.921,
      "MS-SSIM": 0.675835,
      "LPIPS": 0.651884
    },
    "B0512": {
      "PSNR": 22.7186,
      "MS-SSIM": 0.66028,
      "LPIPS": 0.656592
    },
    "B1024": {
      "PSNR": 22.36,
      "MS-SSIM": 0.641668,
      "LPIPS": 0.662934
    }
  },
  "15": {
    "B0016": {
      "PSNR": 17.8151,
      "MS-SSIM": 0.51509,
      "LPIPS": 0.65084
    },
    "B0032": {
      "PSNR": 17.7764,
      "MS-SSIM": 0.511207,
      "LPIPS": 0.651616
    },
    "B0064": {
      "PSNR": 17.725,
      "MS-SSIM": 0.505806,
      "LPIPS": 0.652927
    },
    "B0128": {
      "PSNR": 17.676,
      "MS-SSIM": 0.50101,
      "LPIPS": 0.653991
    },
    "B0256": {
      "PSNR": 17.6295,
      "MS-SSIM": 0.496477,
      "LPIPS": 0.654965
    },
    "B0512": {
      "PSNR": 17.6303,
      "MS-SSIM": 0.493503,
      "LPIPS": 0.655323
    },
    "B1024": {
      "PSNR": 17.5784,
      "MS-SSIM": 0.490117,
      "LPIPS": 0.657165
    }
  },
  "20": {
    "B0016": {
      "PSNR": 20.1291,
      "MS-SSIM": 0.65534,
      "LPIPS": 0.666485
    },
    "B0032": {
      "PSNR": 19.4617,
      "MS-SSIM": 0.621388,
      "LPIPS": 0.671036
    },
    "B0064": {
      "PSNR": 19.2263,
      "MS-SSIM": 0.597319,
      "LPIPS": 0.674097
    },
    "B0128": {
      "PSNR": 19.2897,
      "MS-SSIM": 0.581375,
      "LPIPS": 0.675275
    },
    "B0256": {
      "PSNR": 19.5595,
      "MS-SSIM": 0.575825,
      "LPIPS": 0.672968
    },
    "B0512": {
      "PSNR": 19.2521,
      "MS-SSIM": 0.555068,
      "LPIPS": 0.677457
    },
    "B1024": {
      "PSNR": 19.033,
      "MS-SSIM": 0.536103,
      "LPIPS": 0.682917
    }
  },
  "25": {
    "B0016": {
      "PSNR": 12.9594,
      "MS-SSIM": 0.17134,
      "LPIPS": 0.821396
    },
    "B0032": {
      "PSNR": 12.764,
      "MS-SSIM": 0.158683,
      "LPIPS": 0.824774
    },
    "B0064": {
      "PSNR": 12.6254,
      "MS-SSIM": 0.147859,
      "LPIPS": 0.827418
    },
    "B0128": {
      "PSNR": 12.5231,
      "MS-SSIM": 0.139318,
      "LPIPS": 0.829405
    },
    "B0256": {
      "PSNR": 12.4465,
      "MS-SSIM": 0.133322,
      "LPIPS": 0.830657
    },
    "B0512": {
      "PSNR": 12.4066,
      "MS-SSIM": 0.129221,
      "LPIPS": 0.83195
    },
    "B1024": {
      "PSNR": 12.3719,
      "MS-SSIM": 0.124949,
      "LPIPS": 0.833022
    }
  },
  "30": {
    "B0016": {
      "PSNR": 18.2309,
      "MS-SSIM": 0.384172,
      "LPIPS": 0.724093
    },
    "B0032": {
      "PSNR": 18.1903,
      "MS-SSIM": 0.372887,
      "LPIPS": 0.725692
    },
    "B0064": {
      "PSNR": 18.1523,
      "MS-SSIM": 0.357473,
      "LPIPS": 0.728199
    },
    "B0128": {
      "PSNR": 18.1238,
      "MS-SSIM": 0.341423,
      "LPIPS": 0.729963
    },
    "B0256": {
      "PSNR": 18.1012,
      "MS-SSIM": 0.328037,
      "LPIPS": 0.730422
    },
    "B0512": {
      "PSNR": 18.0243,
      "MS-SSIM": 0.319655,
      "LPIPS": 0.73186
    },
    "B1024": {
      "PSNR": 17.9395,
      "MS-SSIM": 0.308147,
      "LPIPS": 0.733291
    }
  },
  "35": {
    "B0016": {
      "PSNR": 10.7758,
      "MS-SSIM": 0.141636,
      "LPIPS": 0.758761
    },
    "B0032": {
      "PSNR": 10.7078,
      "MS-SSIM": 0.134127,
      "LPIPS": 0.7596
    },
    "B0064": {
      "PSNR": 10.6381,
      "MS-SSIM": 0.126253,
      "LPIPS": 0.760536
    },
    "B0128": {
      "PSNR": 10.5669,
      "MS-SSIM": 0.119766,
      "LPIPS": 0.761327
    },
    "B0256": {
      "PSNR": 10.4963,
      "MS-SSIM": 0.114094,
      "LPIPS": 0.761992
    },
    "B0512": {
      "PSNR": 10.4985,
      "MS-SSIM": 0.111357,
      "LPIPS": 0.762022
    },
    "B1024": {
      "PSNR": 10.4619,
      "MS-SSIM": 0.10726,
      "LPIPS": 0.762546
    }
  },
  "40": {
    "B0016": {
      "PSNR": 17.9104,
      "MS-SSIM": 0.390639,
      "LPIPS": 0.716849
    },
    "B0032": {
      "PSNR": 17.8232,
      "MS-SSIM": 0.380225,
      "LPIPS": 0.718236
    },
    "B0064": {
      "PSNR": 17.7073,
      "MS-SSIM": 0.366155,
      "LPIPS": 0.720489
    },
    "B0128": {
      "PSNR": 17.5605,
      "MS-SSIM": 0.352944,
      "LPIPS": 0.721747
    },
    "B0256": {
      "PSNR": 17.3829,
      "MS-SSIM": 0.341789,
      "LPIPS": 0.722148
    },
    "B0512": {
      "PSNR": 17.3633,
      "MS-SSIM": 0.336418,
      "LPIPS": 0.723629
    },
    "B1024": {
      "PSNR": 17.2925,
      "MS-SSIM": 0.329198,
      "LPIPS": 0.724352
    }
  },
  "45": {
    "B0016": {
      "PSNR": 8.8649,
      "MS-SSIM": 0.088923,
      "LPIPS": 0.816488
    },
    "B0032": {
      "PSNR": 8.8073,
      "MS-SSIM": 0.084394,
      "LPIPS": 0.81762
    },
    "B0064": {
      "PSNR": 8.7439,
      "MS-SSIM": 0.078907,
      "LPIPS": 0.818518
    },
    "B0128": {
      "PSNR": 8.6769,
      "MS-SSIM": 0.074201,
      "LPIPS": 0.819102
    },
    "B0256": {
      "PSNR": 8.6096,
      "MS-SSIM": 0.070258,
      "LPIPS": 0.819692
    },
    "B0512": {
      "PSNR": 8.6076,
      "MS-SSIM": 0.068383,
      "LPIPS": 0.820268
    },
    "B1024": {
      "PSNR": 8.5814,
      "MS-SSIM": 0.065208,
      "LPIPS": 0.820671
    }
  },
  "50": {
    "B0016": {
      "PSNR": 16.6187,
      "MS-SSIM": 0.351839,
      "LPIPS": 0.727642
    },
    "B0032": {
      "PSNR": 16.6136,
      "MS-SSIM": 0.341444,
      "LPIPS": 0.728019
    },
    "B0064": {
      "PSNR": 16.5333,
      "MS-SSIM": 0.323488,
      "LPIPS": 0.730315
    },
    "B0128": {
      "PSNR": 16.3738,
      "MS-SSIM": 0.300195,
      "LPIPS": 0.732679
    },
    "B0256": {
      "PSNR": 16.1412,
      "MS-SSIM": 0.275646,
      "LPIPS": 0.735604
    },
    "B0512": {
      "PSNR": 16.1324,
      "MS-SSIM": 0.272004,
      "LPIPS": 0.73531
    },
    "B1024": {
      "PSNR": 16.0773,
      "MS-SSIM": 0.265359,
      "LPIPS": 0.736073
    }
  }
}