index,psnr,ms_ssim,lpips
0,31.3928,0.924597,0.095930
