index,psnr,ms_ssim,lpips
0,32.8683,0.953865,0.081232
